Entity,Christians,Muslims,Unaffiliated,Hindus,Buddhists,folkReligions,otherReligions,Jews,Population,Temperature,GII,HDI,POL,INTERNET,PRECIPITATION
Burkina Faso,0.19820473523400098,0.5422582379043424,0.0037397119855471887,0.00026712228468194204,0.00026712228468194204,0.13516387604906266,0.00026712228468194204,0.00026712228468194204,18718019,28.29,0.61500001,0.412,0.25,0.1588,748.0
Mali,0.02042742227959322,0.8010862088564801,0.00386464745830142,0.00027604624702153003,0.00027604624702153003,0.02263579225576546,0.00027604624702153003,0.00027604624702153003,18112907,28.25,0.68900001,0.418,0.5,0.1272,282.0
Maldives,0.011478894903829818,0.7116914840374488,0.011478894903829818,0.011478894903829818,0.011478894903829818,0.011478894903829818,0.011478894903829818,0.011478894903829818,435582,28.0,0.31200001,0.71,0.25,0.6319,1972.0
Senegal,0.03134538356684135,0.834483766957243,0.00034828203963157054,0.00034828203963157054,0.00034828203963157054,0.00034828203963157054,0.00034828203963157054,0.00034828203963157054,14356181,27.85,0.52100003,0.492,0.5,0.2964,686.0
Mauritania,0.0012670352894668822,0.8691862085742812,0.0012670352894668822,0.0012670352894668822,0.0012670352894668822,0.005068141157867529,0.0012670352894668822,0.0012670352894668822,3946220,27.65,0.62699997,0.514,0.25,0.208,92.0
Benin,0.42898500775145726,0.1929975194788006,0.041160608419649414,0.00045734009355166016,0.00045734009355166016,0.14634882993653126,0.00045734009355166016,0.00045734009355166016,10932783,27.55,0.61299998,0.508,0.5,0.1412,1039.0
Ghana,0.632469903386239,0.1336984571232685,0.03532964411029375,0.00017318452995242033,0.00017318452995242033,0.04156428718858088,0.0013854762396193626,0.00017318452995242033,28870939,27.2,0.54699999,0.585,0.5,0.3788,1187.0
Kuwait,0.09977632195311895,0.5193485476021319,0.0012791836147835762,0.05884244628004451,0.02046693783653722,0.0012791836147835762,0.0012791836147835762,0.0012791836147835762,3908743,27.15,0.33500001,0.802,0.25,0.98,121.0
Niger,0.005961807468992142,0.7586400004292502,0.005464990179909464,0.0002484086445413393,0.0002484086445413393,0.0002484086445413393,0.0002484086445413393,0.0002484086445413393,20128124,27.15,0.69499999,0.347,0.5,0.1022,151.0
Qatar,0.09939645643349776,0.49284076314942643,0.008283038036124814,0.09939645643349776,0.020707595090312034,0.0020707595090312036,0.004141519018062407,0.0020707595090312036,2414573,27.15,0.542,0.854,0.0,0.9594,74.0
Togo,0.35326095319707185,0.11240121238088649,0.0495100578344381,0.0006690548356005149,0.0006690548356005149,0.28769357930822137,0.004014329013603089,0.0006690548356005149,7473229,27.15,0.55599999,0.495,0.25,0.1236,1168.0
Sri Lanka,0.07170744375289202,0.09560992500385604,0.00023433805148003928,0.13263533713770223,0.6772369687773135,0.00023433805148003928,0.00023433805148003928,0.00023433805148003928,21336697,26.95,0.38600001,0.766,0.5,0.3411,1712.0
Sudan,0.047417975939857034,0.7987702134841109,0.009169221866823183,0.00013098888381175974,0.00013098888381175974,0.024887887924234353,0.00013098888381175974,0.00013098888381175974,38171178,26.9,0.57499999,0.497,0.25,0.3087,250.0
Cambodia,0.003243063104235356,0.018161153383717994,0.0019458378625412138,0.0003243063104235356,0.8879506779396406,0.00518890096677657,0.0003243063104235356,0.0003243063104235356,15417523,26.8,0.479,0.571,0.25,0.34,1904.0
Bahrain,0.13214481309584464,0.6533826869738985,0.014682757010649404,0.08809654206389642,0.022024135515974104,0.003670689252662351,0.003670689252662351,0.003670689252662351,1362142,26.8,0.233,0.832,0.0,0.9588,83.0
United Arab Emirates,0.10541781397322096,0.6482074093246991,0.010093194954882858,0.05495183919880667,0.01682199159147143,0.0005607330530490477,0.006728796636588572,0.0005607330530490477,8916899,26.65,0.23199999,0.86,0.0,0.9482,78.0
Chad,0.3224831428301884,0.4391711221437435,0.019801596489572974,0.00035359993731380314,0.00035359993731380314,0.0113151979940417,0.0014143997492552126,0.00035359993731380314,14140274,26.55,0.69499999,0.407,0.25,0.065,322.0
Singapore,0.16283133965236926,0.12920312820242344,0.14690218686028964,0.04601755251045218,0.30619371478108565,0.021238870389439467,0.08672538742354449,0.0008849529328933112,5650018,26.45,0.068000004,0.929,0.25,0.8445,2497.0
Thailand,0.00853553093285657,0.05363158602811544,0.0027029181287379135,0.0009958119421665996,0.9164315044910336,0.0008535530932856569,7.11294244404714e-05,7.11294244404714e-05,70294397,26.3,0.366,0.741,0.0,0.5289,1622.0
Sierra Leone,0.16815285997255144,0.6261301615238094,0.0006835482112705343,0.0006835482112705343,0.0006835482112705343,0.006835482112705343,0.0006835482112705343,0.0006835482112705343,7314773,26.05,0.64999998,0.413,0.5,0.1324,2526.0
Barbados,0.9349726520499275,0.017980243308652454,0.017980243308652454,0.017980243308652454,0.017980243308652454,0.017980243308652454,0.017980243308652454,0.017980243308652454,278083,26.0,0.29100001,0.797,0.75,0.8176,1422.0
Guyana,0.6622244649557435,0.06622244649557435,0.01324448929911487,0.25164529668318253,0.006622244649557435,0.006622244649557435,0.006622244649557435,0.006622244649557435,755031,26.0,0.50800002,0.651,0.5,0.3733,2387.0
Indonesia,0.09131892431865024,0.8071265195907075,0.000926311996469825,0.015631514940428297,0.006638569308033746,0.002894724988968203,0.0013122753283322521,1.9298166593121355e-05,259091970,25.85,0.46700001,0.686,0.5,0.3229,2702.0
Trinidad and Tobago,0.6026666630141414,0.05478787845583104,0.02054545442093664,0.2054545442093664,0.00342424240348944,0.02054545442093664,0.01369696961395776,0.00342424240348944,1460177,25.75,0.324,0.783,0.75,0.7733,2200.0
Suriname,0.46917763586602373,0.13901559581215517,0.05213084842955819,0.17376949476519396,0.008688474738259698,0.05213084842955819,0.008688474738259698,0.008688474738259698,575475,25.7,0.44800001,0.722,0.5,0.4895,2331.0
Oman,0.042941225867031065,0.5701640545678013,0.0011928118296397516,0.03578435488919255,0.004771247318559007,0.0011928118296397516,0.007156870977838511,0.0011928118296397516,4191776,25.6,0.28099999,0.822,0.0,0.8019,125.0
Philippines,0.8382884182889356,0.049984778906889175,0.0008735204080815585,4.852891156008658e-05,0.0007764625849613853,0.013879268706184762,0.0012617517005622512,4.852891156008658e-05,103031365,25.55,0.43599999,0.693,0.5,0.6005,2348.0
Malaysia,0.08593821338574255,0.582577401603723,0.006115453387000406,0.05536094645074052,0.1612548498361686,0.020921287902896126,0.001931195806421181,0.00016093298386843174,31068833,25.4,0.29100001,0.795,0.25,0.8014,2875.0
Panama,0.826362949221134,0.007581311460744348,0.04296076494421797,0.001263551910124058,0.001263551910124058,0.005054207640496232,0.005054207640496232,0.002527103820248116,3957099,25.4,0.45699999,0.781,0.5,0.5787,2928.0
Venezuela,0.8480262312299269,0.0029479475013786567,0.09498941948886783,0.00016377486118770315,0.00016377486118770315,0.0019652983342524377,0.0006550994447508126,0.00016377486118770315,30529716,25.35,0.461,0.775,0.25,0.6431,2044.0
Liberia,0.7436590061116629,0.10406889881446012,0.013008612351807515,0.0010840510293172929,0.0010840510293172929,0.0043362041172691716,0.0010840510293172929,0.0010840510293172929,4612329,25.3,0.64899999,0.432,0.5,0.0798,2391.0
Papua New Guinea,0.7832139738272925,0.0005758926278141857,0.0005758926278141857,0.0005758926278141857,0.0005758926278141857,0.0034553557668851142,0.0023035705112567427,0.0005758926278141857,8682174,25.25,0.59500003,0.542,0.25,0.1121,3142.0
Cuba,0.5881889195789661,0.0004409212290696897,0.22839719665809927,0.0017636849162787588,0.0004409212290696897,0.17284112179531838,0.0004409212290696897,0.0004409212290696897,11339894,25.2,0.30399999,0.772,0.0,0.491,1335.0
Gabon,0.5669166193825341,0.08380506547393983,0.03943767787008933,0.002464854866880583,0.002464854866880583,0.0443673876038505,0.002464854866880583,0.002464854866880583,2028517,25.05,0.542,0.694,0.25,0.5032,1831.0
Bangladesh,0.0028511689792815056,0.8517392130773617,3.167965532535006e-05,0.08033960590508775,0.005829056579864411,0.0006335931065070012,0.0006335931065070012,3.167965532535006e-05,157830000,25.0,0.51999998,0.592,0.25,0.1802,2666.0
Brazil,0.844590457818957,0.000194942979300394,0.07510178277547679,2.436787241254925e-05,0.0012183936206274625,0.02699960263310457,0.001462072344752955,0.0005360931930760835,205188205,24.95,0.414,0.757,0.5,0.6747,1761.0
Jamaica,0.7586479605073637,0.001789264057800386,0.1681908214332363,0.001789264057800386,0.001789264057800386,0.04294233738720927,0.010735584346802317,0.001789264057800386,2794445,24.95,0.42199999,0.73,0.5,0.4878,2051.0
Haiti,0.8226239963679589,0.00047331645360642054,0.10034308816456115,0.00047331645360642054,0.00047331645360642054,0.0208259239586825,0.0028398987216385232,0.00047331645360642054,10563757,24.9,0.59299999,0.493,0.25,0.1233,1440.0
Nicaragua,0.7890644870493402,0.0007938274517598996,0.11589880795694533,0.0007938274517598996,0.0007938274517598996,0.012701239228158393,0.0007938274517598996,0.0007938274517598996,6298598,24.9,0.46200001,0.652,0.25,0.2786,2280.0
Costa Rica,0.8641043690996277,0.0010213999634747374,0.07558359729713056,0.0010213999634747374,0.0010213999634747374,0.008171199707797899,0.0020427999269494747,0.0010213999634747374,4895242,24.8,0.308,0.788,0.75,0.7158,2926.0
Kenya,0.7329543087297462,0.08366863396099607,0.021344039275764306,0.0012806423565458582,0.00010672019637882152,0.01472738710027737,0.010672019637882153,0.00010672019637882152,46851488,24.75,0.565,0.578,0.5,0.1783,630.0
Saudi Arabia,0.036641391434854904,0.7792402578479143,0.005496208715228236,0.009465692787337518,0.002748104357614118,0.002137414500366536,0.002137414500366536,0.00015267246431189543,32749848,24.65,0.257,0.854,0.0,0.8212,59.0
Cameroon,0.5988011982629029,0.1560011830017287,0.04562708695036633,0.00021727184262079207,0.00021727184262079207,0.02824533954070297,0.02303081531780396,0.00021727184262079207,23012646,24.6,0.56800002,0.548,0.25,0.232,1604.0
Dominican Republic,0.8399136176713212,0.00048049978127649956,0.1037879527557239,0.00048049978127649956,0.00048049978127649956,0.008648996062976992,0.0009609995625529991,0.00048049978127649956,10405832,24.55,0.47,0.729,0.5,0.6499,1410.0
Colombia,0.9085366536920587,0.0002122253337285818,0.06472872678721744,0.0001061126668642909,0.0001061126668642909,0.007852337347957527,0.0008489013349143272,0.0001061126668642909,47119728,24.5,0.39300001,0.742,0.5,0.6226,3240.0
Vietnam,0.0777729826810957,0.0017355198366771703,0.2824558534192095,5.423499489616157e-05,0.15597984532136067,0.43116820942448447,0.00379644964273131,5.423499489616157e-05,92191398,24.45,0.33700001,0.684,0.25,0.4957,1821.0
El Salvador,0.8762545606161128,0.0008024309163151217,0.10913060461885656,0.0008024309163151217,0.0008024309163151217,0.00481458549789073,0.0032097236652604867,0.0008024309163151217,6231066,24.45,0.384,0.674,0.5,0.3125,1784.0
Fiji,0.5996511120802442,0.054513737461840385,0.005451373746184038,0.26166593981683384,0.005451373746184038,0.005451373746184038,0.005451373746184038,0.005451373746184038,917200,24.4,0.35800001,0.738,0.25,0.4997,2592.0
Yemen,0.0014026944708764684,0.835655231024656,0.0007013472354382342,0.005260104265786756,0.00017533680885955855,0.00017533680885955855,0.00017533680885955855,0.00017533680885955855,28516545,23.85,0.76700002,0.483,0.25,0.2672,167.0
Mozambique,0.4939790068607947,0.1564639388246861,0.1564639388246861,0.00018626659383891203,0.00018626659383891203,0.06407570828058574,0.00018626659383891203,0.00018626659383891203,26843246,23.8,0.574,0.432,0.25,0.2077,1032.0
India,0.023532230865577777,0.13319560162270494,0.0006576627321892922,0.7360909028383027,0.006992391118104544,0.004422214923341793,0.02083354586107689,7.55934174930221e-06,1322866505,23.65,0.52999997,0.627,0.5,0.3445,1083.0
Paraguay,1.0116624446620643,0.0008093299557296515,0.01133061938021512,0.0008093299557296515,0.0008093299557296515,0.01780525902605233,0.001618659911459303,0.0008093299557296515,6177950,23.55,0.46399999,0.702,0.5,0.6108,1130.0
Honduras,0.7165524145718357,0.0010759045263841378,0.08499645758434687,0.0005379522631920689,0.0005379522631920689,0.008607236211073102,0.004303618105536551,0.0005379522631920689,9294505,23.5,0.461,0.609,0.25,0.3214,1976.0
Guatemala,0.8555658055408292,0.0003124783804020559,0.0368724488874426,0.0003124783804020559,0.0003124783804020559,0.004999654086432895,0.0006249567608041118,0.0003124783804020559,16001107,23.45,0.49399999,0.645,0.5,0.407,1996.0
Laos,0.013259826747103722,0.0007366570415057623,0.007366570415057624,0.0007366570415057623,0.6040587740347251,0.28140298985520124,0.007366570415057624,0.0007366570415057623,6787419,22.8,0.46799999,0.593,0.0,0.2551,1834.0
Uganda,0.7732669295027109,0.10246187057592857,0.0045360723952885046,0.0026682778795814733,0.00013341389397907366,0.007738005850786272,0.0010673111518325893,0.00013341389397907366,37477356,22.8,0.52200001,0.505,0.25,0.2371,1180.0
Algeria,0.0015173296495266918,0.8782809788010334,0.01669062614479361,0.00012644413746055764,0.00012644413746055764,0.0002528882749211153,0.00012644413746055764,0.00012644413746055764,39543154,22.5,0.42899999,0.749,0.25,0.4769,89.0
Mauritius,0.3247875541409253,0.17012681407381802,0.0038665185016776822,0.48718133121138796,0.0038665185016776822,0.0038665185016776822,0.0038665185016776822,0.0038665185016776822,1293153,22.4,0.38,0.782,0.75,0.5556,2041.0
Tanzania,0.5241438968743647,0.3001361384788937,0.012370861763556175,0.0009516047510427828,9.516047510427827e-05,0.015225676016684524,0.0005709628506256697,9.516047510427827e-05,52542823,22.35,0.54400003,0.528,0.25,0.16,1071.0
Ethiopia,0.5081393293253725,0.27988162022376967,0.0004879386684514813,4.8793866845148124e-05,4.8793866845148124e-05,0.0207861872760331,4.8793866845148124e-05,4.8793866845148124e-05,102471895,22.2,0.49900001,0.451,0.25,0.1862,848.0
Malawi,0.7273181524560389,0.11393863914286972,0.021843158799410258,0.00029517782161365215,0.00029517782161365215,0.015349246723909912,0.00029517782161365215,0.00029517782161365215,16938942,21.9,0.61400002,0.47,0.5,0.1378,1181.0
Ecuador,0.8403360306823294,0.0003087200700522885,0.049395211208366166,0.0003087200700522885,0.0003087200700522885,0.002469760560418308,0.0003087200700522885,0.0003087200700522885,16195902,21.85,0.391,0.743,0.5,0.5727,2274.0
Libya,0.0274537384320847,0.9915644351352945,0.0016149257901226293,0.0008074628950613147,0.0032298515802452587,0.0008074628950613147,0.0008074628950613147,0.0008074628950613147,6192235,21.8,0.167,0.694,0.0,0.2176,56.0
Australia,0.6288770606638826,0.022669800584679347,0.22627819472485494,0.013014144780093698,0.025188667316310386,0.006297166829077596,0.007556600194893116,0.00461792234132357,23820236,21.65,0.12,0.936,0.75,0.8654,534.0
Bolivia,0.841292018952064,0.00045085317200003425,0.03606825376000274,0.00045085317200003425,0.00045085317200003425,0.008115357096000617,0.009017063440000686,0.00045085317200003425,11090085,21.55,0.44600001,0.681,0.5,0.4383,1146.0
Botswana,0.629020580251964,0.002169036483627462,0.17786099165745187,0.002169036483627462,0.002169036483627462,0.052056875607059086,0.004338072967254924,0.002169036483627462,2305171,21.5,0.435,0.706,0.75,0.4141,416.0
Iraq,0.007150837894133328,0.8300268874153278,0.001059383391723456,0.000132422923965432,0.000132422923965432,0.000132422923965432,0.000529691695861728,0.000132422923965432,37757813,21.4,0.52499998,0.668,0.25,0.4936,216.0
Zambia,0.7859317599516994,0.0043081615659059476,0.0043081615659059476,0.0006154516522722782,0.0003077258261361391,0.002461806609089113,0.0073854198272673395,0.0003077258261361391,16248230,21.4,0.52600002,0.583,0.25,0.2785,1020.0
Mexico,0.8981281107548515,4.1614684030898504e-05,0.04436125317693781,4.1614684030898504e-05,4.1614684030898504e-05,0.000582605576432579,0.00016645873612359402,0.000582605576432579,120149897,21.0,0.345,0.767,0.5,0.6385,758.0
Zimbabwe,0.7721687493204668,0.007771140203591157,0.06994026183232041,0.0003532336456177799,0.0003532336456177799,0.033910429979306864,0.002825869164942239,0.0007064672912355598,14154937,21.0,0.54000002,0.529,0.25,0.2706,657.0
Pakistan,0.013035072051100062,0.7935277862089677,9.480052400800044e-05,0.015784287247332073,9.480052400800044e-05,0.00014220078601200067,9.480052400800044e-05,2.370013100200011e-05,210969298,20.2,0.546,0.551,0.25,0.3068,494.0
Namibia,0.9769115925674113,0.0021903847366982316,0.017523077893585853,0.0021903847366982316,0.0021903847366982316,0.0021903847366982316,0.0021903847366982316,0.0021903847366982316,2282704,19.95,0.47400001,0.642,0.5,0.3684,285.0
Burundi,0.7150083134864924,0.021440927262306814,0.00046610711439797417,0.00046610711439797417,0.00046610711439797417,0.044746282982205524,0.00046610711439797417,0.00046610711439797417,10727148,19.8,0.47400001,0.418,0.25,0.0559,1274.0
Peru,0.9045364652740213,0.00016280353946616656,0.028002208788180646,0.00016280353946616656,0.0016280353946616654,0.00944260528903766,0.0029304637103909977,0.00016280353946616656,30711863,19.6,0.38499999,0.745,0.5,0.4873,1738.0
Israel,0.01873178801909843,0.17233244977570558,0.028722074962617593,0.0006243929339699477,0.0024975717358797908,0.0024975717358797908,0.0006243929339699477,0.7005688719142813,8007778,19.2,0.103,0.901,0.75,0.8158,435.0
Malta,0.8760805906535342,0.010951007383169177,0.021902014766338355,0.010951007383169177,0.010951007383169177,0.010951007383169177,0.010951007383169177,0.010951007383169177,456579,19.2,0.21699999,0.871,0.5,0.8007,560.0
Tunisia,0.0017304362715362528,0.9024225156061558,0.0017304362715362528,0.0004326090678840632,0.0004326090678840632,0.0004326090678840632,0.0004326090678840632,0.0004326090678840632,11557779,19.2,0.289,0.728,0.5,0.555,207.0
Cyprus,0.6822316555488175,0.2358331648810727,0.008422613031466882,0.004211306515733441,0.004211306515733441,0.004211306515733441,0.004211306515733441,0.004211306515733441,1187280,18.45,0.116,0.86,0.75,0.8074,498.0
Jordan,0.013692503859706185,0.6330149861294936,0.0005266347638348532,0.0005266347638348532,0.002106539055339413,0.0005266347638348532,0.0005266347638348532,0.0005266347638348532,9494246,18.3,0.47799999,0.733,0.0,0.6679,111.0
Rwanda,0.8520170860345725,0.016318875639775077,0.03263775127955015,0.00042944409578355466,0.00042944409578355466,0.008588881915671094,0.0017177763831342186,0.00042944409578355466,11642959,17.85,0.38299999,0.51,0.25,0.2177,1212.0
South Africa,0.7285709929168082,0.015391084596130067,0.13332974446647558,0.010201067697435043,0.0017896609995500076,0.003758288099055016,0.003042423699235013,0.0012527626996850054,55876504,17.75,0.39399999,0.692,0.5,0.5617,495.0
Syria,0.05519344835023138,0.9856716766696981,0.021869102176506772,0.0002603464544822235,0.0002603464544822235,0.0002603464544822235,0.0002603464544822235,0.0002603464544822235,19205178,17.75,0.55400002,0.538,0.0,0.3425,252.0
Uruguay,0.5730544507522882,0.0014693703865443289,0.4026074859131461,0.0014693703865443289,0.0014693703865443289,0.008816222319265973,0.0014693703865443289,0.0014693703865443289,3402818,17.55,0.28400001,0.8,0.75,0.6828,1300.0
Iran,0.0013448938616488857,0.8994894672864411,0.0013448938616488857,0.00024452615666343375,6.113153916585844e-05,6.113153916585844e-05,0.001833946174975753,6.113153916585844e-05,81790841,17.25,0.509,0.789,0.25,0.6042,228.0
Morocco,0.0005766936526616805,0.920691416474373,0.00014417341316542013,0.00014417341316542013,0.00014417341316542013,0.00014417341316542013,0.00014417341316542013,0.00014417341316542013,34680458,17.1,0.49399999,0.655,0.0,0.6176,346.0
Lebanon,0.25316693077290925,0.4047545374702685,0.0015627588319315387,0.0007813794159657693,0.0007813794159657693,0.0007813794159657693,0.0007813794159657693,0.0007813794159657693,6398940,15.0,0.38100001,0.752,0.5,0.7818,661.0
Greece,0.9262822740202067,0.056446771943289314,0.06477498419721725,0.001850713834206207,0.00046267845855155177,0.0009253569171031035,0.00046267845855155177,0.00046267845855155177,10806641,15.4,0.119,0.866,0.75,0.6989,652.0
Portugal,0.946414694607607,0.002894234540084425,0.07717958773558466,0.0004823724233474041,0.0019294896933896165,0.0009647448466948083,0.0004823724233474041,0.0004823724233474041,10365435,15.15,0.090999998,0.842,0.75,0.7379,854.0
Italy,0.8374160131008788,0.03685692999769927,0.12451665539763265,0.0014941998647715919,0.0018262442791652789,0.0013281776575747482,0.0009961332431810612,0.0008301110359842177,60232906,13.45,0.085000001,0.876,0.75,0.613,832.0
Spain,0.7805072702830773,0.021106432805668207,0.1882349211444287,0.0004307435266462899,0.00010768588166157248,0.0004307435266462899,0.00021537176332314496,0.0012922305799388698,46431342,13.3,0.081,0.885,0.75,0.846,636.0
Myanmar,0.07283823546635865,0.03690470596962172,0.004661647069846953,0.015927294155310426,0.7460577664700896,0.05360894130323997,0.0015538823566156512,9.71176472884782e-05,51483949,13.05,0.37400001,0.569,0.25,0.3068,2091.0
Afghanistan,0.0008887967437094448,0.9282000660138968,0.00014813279061824078,0.00029626558123648156,0.00014813279061824078,0.00014813279061824078,0.0005925311624729631,0.00014813279061824078,33753499,12.6,0.667,0.493,0.25,0.1145,327.0
Uzbekistan,0.020355795393496426,0.8578513772973494,0.007108372994554308,0.00016155393169441608,0.00032310786338883216,0.00032310786338883216,0.00016155393169441608,0.00032310786338883216,30949417,12.05,0.287,0.698,0.0,0.5231,206.0
Azerbaijan,0.028387546788760154,0.9023184514998763,0.0005069204783707171,0.0005069204783707171,0.0005069204783707171,0.0005069204783707171,0.0005069204783707171,0.0005069204783707171,9863480,11.95,0.32600001,0.758,0.25,0.79,447.0
Lesotho,0.991257580170317,0.002360137095643612,0.033041919339010566,0.002360137095643612,0.002360137095643612,0.002360137095643612,0.002360137095643612,0.002360137095643612,2118521,11.85,0.54900002,0.511,0.5,0.2979,788.0
South Korea,0.2778736434221475,0.001960999600720871,0.43808731080104263,9.804998003604357e-05,0.21669045587965627,0.007843998402883485,0.0021570995607929585,9.804998003604357e-05,50994401,11.5,0.067000002,0.898,0.75,0.951,1274.0
Albania,0.20121555007647926,0.8915930408561236,0.017346168110041315,0.0017346168110041315,0.0017346168110041315,0.0017346168110041315,0.0017346168110041315,0.0017346168110041315,2882481,11.4,0.26699999,0.776,0.5,0.7185,1485.0
Japan,0.01595273175718091,0.0015716977100670845,0.5667541942501907,0.00023575465651006267,0.36007594537636906,0.0035363198476509403,0.04628649756147564,3.9292442751677114e-05,127250933,11.15,0.116,0.905,0.75,0.9087,1668.0
Croatia,0.9659644426373415,0.014101670695435642,0.05405640433250329,0.0011751392246196369,0.0011751392246196369,0.0011751392246196369,0.0011751392246196369,0.0011751392246196369,4254815,10.9,0.141,0.827,0.5,0.671,1113.0
France,0.6199677670044536,0.07381314920604085,0.27550640404292953,0.0004701474471722347,0.0043880428402741905,0.0034477479459297214,0.0015671581572407824,0.004858190287446425,63809769,10.7,0.102,0.898,0.75,0.805,867.0
Bulgaria,0.8413992510588976,0.13954914407806104,0.04241199476882248,0.0006840644317552012,0.0006840644317552012,0.0006840644317552012,0.0006840644317552012,0.0006840644317552012,7309253,10.55,0.223,0.807,0.5,0.6341,608.0
New Zealand,0.5424139380776762,0.010891846146138078,0.3485390766764185,0.01960532306304854,0.015248584604593309,0.004356738458455231,0.0065351076876828465,0.0010891846146138078,4590590,10.55,0.15800001,0.914,0.75,0.9081,1732.0
Turkey,0.004017769691346646,0.8955859752617382,0.01079775604549411,6.277765142729134e-05,0.0005022212114183307,0.00025111060570916536,0.0018833295428187403,0.00025111060570916536,79646178,9.9,0.32800001,0.783,0.25,0.6468,593.0
Bosnia and Herzegovina,0.5589724440772188,0.48236200757932585,0.02553681216596431,0.0014187117869980171,0.0014187117869980171,0.0014187117869980171,0.0014187117869980171,0.0014187117869980171,3524324,9.85,0.15800001,0.755,0.5,0.6949,1028.0
Hungary,0.8217998615638008,0.0005079109156760203,0.18894286063147955,0.0005079109156760203,0.0005079109156760203,0.0005079109156760203,0.0005079109156760203,0.0010158218313520407,9844246,9.75,0.252,0.834,0.5,0.7675,589.0
Belgium,0.6116478192310432,0.05600844856330773,0.27648615084426514,0.0004445114965341883,0.00266706897920513,0.0017780459861367532,0.0008890229930683766,0.00266706897920513,11248303,9.55,0.072999999,0.913,0.75,0.8768,847.0
Moldova,1.0618211819900483,0.0061024205861497025,0.015256051465374256,0.0015256051465374256,0.0015256051465374256,0.0015256051465374256,0.0015256051465374256,0.0061024205861497025,3277388,9.45,0.23199999,0.693,0.5,0.7612,450.0
Ireland,0.8808854291690957,0.010716367751448854,0.06001165940811358,0.0021432735502897706,0.0010716367751448853,0.0010716367751448853,0.0010716367751448853,0.0010716367751448853,4665760,9.3,0.127,0.929,0.75,0.8452,1118.0
Netherlands,0.4935125400010692,0.05868163376944937,0.4101846200484511,0.004694530701555949,0.0023472653507779747,0.001760449013083481,0.001760449013083481,0.001760449013083481,17041107,9.25,0.044,0.926,0.75,0.932,778.0
Slovenia,0.7641064135920594,0.03363990500090828,0.17781092643337232,0.002402850357207734,0.002402850357207734,0.002402850357207734,0.002402850357207734,0.002402850357207734,2080862,8.9,0.052999999,0.889,0.75,0.7889,1162.0
Romania,1.0740437632142423,0.003516513724274881,0.0010047182069356803,0.0002511795517339201,0.0002511795517339201,0.0002511795517339201,0.0002511795517339201,0.0002511795517339201,19906079,8.8,0.33899999,0.805,0.5,0.6375,637.0
Luxembourg,0.6322355850286614,0.017562099584129482,0.24586939417781276,0.008781049792064741,0.008781049792064741,0.008781049792064741,0.008781049792064741,0.008781049792064741,569408,8.65,0.075000003,0.899,0.75,0.9783,934.0
United States,0.7487805837405448,0.008533375368062656,0.15705107446347805,0.005514347259506193,0.0109978881097414,0.0019408037840720118,0.00585321776148702,0.017528846875190074,324607776,8.55,0.20299999,0.92,0.75,0.7523,715.0
United Kingdom,0.6115812796580125,0.045381814685076884,0.26401177326926484,0.013645207793823793,0.004292874362101867,0.0009199016490218287,0.007052579309167354,0.004446191303605506,65224364,8.45,0.131,0.918,0.75,0.9462,1220.0
Chile,0.8561776068257836,0.0002797966035378378,0.08226020144012432,0.0002797966035378378,0.0005595932070756756,0.014549423383967565,0.0016787796212270267,0.0011191864141513511,17870124,8.45,0.322,0.84,0.75,0.8233,1522.0
Germany,0.6888970100919392,0.05799698917647029,0.2479493129708341,0.000974739313890257,0.0025586906989619245,0.0004873696569451285,0.0012184241423628213,0.0028023755274344886,82073226,8.4,0.066,0.933,0.75,0.844,700.0
Ukraine,0.8469948489374683,0.012449268120865676,0.14872429237248458,0.00022230835930117277,0.00044461671860234554,0.00011115417965058639,0.00011115417965058639,0.0011115417965058638,44982564,8.3,0.28400001,0.743,0.25,0.5712,565.0
Nepal,0.0050705668984338285,0.0496191189346739,0.0028974667991050447,0.8753971566796117,0.11155247176554423,0.039840168487694366,0.0007243666997762612,0.0001810916749440653,27610325,8.1,0.49700001,0.566,0.5,0.214,1500.0
Poland,0.9363697582552667,0.00012969110225142199,0.05576717396811145,0.00012969110225142199,0.00012969110225142199,0.00012969110225142199,0.00012969110225142199,0.00025938220450284397,38553146,7.85,0.13699999,0.855,0.75,0.7599,600.0
China,0.049084624912617024,0.01771523737892873,0.5027425081679944,1.435013153416665e-05,0.17515053044027104,0.21116218552526225,0.006514959716511659,3.5875328835416627e-06,1393715448,7.5,0.164,0.743,0.0,0.543,645.0
Bhutan,0.006726994352015542,0.006726994352015542,0.006726994352015542,0.21526381926449734,0.7265153900176785,0.013453988704031083,0.006726994352015542,0.006726994352015542,743274,7.4,0.477,0.603,0.5,0.4811,2200.0
Armenia,1.0595446737036645,0.001736958481481417,0.013895667851851336,0.001736958481481417,0.001736958481481417,0.001736958481481417,0.001736958481481417,0.001736958481481417,2878595,7.15,0.29300001,0.748,0.25,0.6972,562.0
Denmark,0.8154572654600483,0.04050867625395488,0.11448104158726378,0.0035224935873004242,0.0017612467936502121,0.0008806233968251061,0.0008806233968251061,0.0008806233968251061,5677796,6.95,0.041000001,0.926,0.75,0.971,703.0
Slovakia,0.8590742203256223,0.0009217534552850025,0.14379353902446038,0.0009217534552850025,0.0009217534552850025,0.0009217534552850025,0.0009217534552850025,0.0009217534552850025,5424444,6.8,0.18000001,0.851,0.5,0.8163,824.0
Tajikistan,0.012904644182005693,0.7801443982757987,0.011731494710914267,0.0005865747355457134,0.0005865747355457134,0.0005865747355457134,0.0005865747355457134,0.0005865747355457134,8524063,6.4,0.322,0.645,0.25,0.2196,691.0
Austria,0.7810311485635796,0.05206874323757197,0.1307503996854585,0.0005785415915285774,0.0023141663661143098,0.0005785415915285774,0.0011570831830571549,0.0011570831830571549,8642421,6.35,0.078000002,0.903,0.75,0.8794,1110.0
Lithuania,1.0054778297199676,0.0016870433384563216,0.11134486033811723,0.0016870433384563216,0.0016870433384563216,0.0016870433384563216,0.0016870433384563216,0.0016870433384563216,2963765,6.2,0.121,0.852,0.75,0.7762,656.0
Belarus,0.7040795067608642,0.0020617262277038482,0.2824564931954272,0.0005154315569259621,0.0005154315569259621,0.0005154315569259621,0.0005154315569259621,0.0005154315569259621,9700609,6.15,0.14399999,0.805,0.25,0.7444,618.0
Georgia,1.0209136142675461,0.1246310126508433,0.007955171020266594,0.0013258618367110989,0.0013258618367110989,0.0013258618367110989,0.0013258618367110989,0.0013258618367110989,3771132,5.65,0.361,0.771,0.5,0.6049,1026.0
Latvia,0.6325444098887776,0.0025100968646380064,0.49699917919832526,0.0025100968646380064,0.0025100968646380064,0.0025100968646380064,0.0025100968646380064,0.0025100968646380064,1991955,5.6,0.191,0.841,0.75,0.8132,667.0
Kazakhstan,0.22258467454616415,0.6329926890746078,0.037564667996455914,0.00028033334325713367,0.0022426667460570694,0.0028033334325713367,0.0011213333730285347,0.00028033334325713367,17835909,5.5,0.20200001,0.797,0.25,0.7643,250.0
Switzerland,0.6725646277855888,0.045884121823792416,0.19319630241596805,0.0048299075603992015,0.0048299075603992015,0.0006037384450499002,0.0012074768900998004,0.0024149537801996007,8281732,5.1,0.039999999,0.942,0.75,0.9371,1537.0
Kyrgyzstan,0.10312799028906268,0.7929020892716458,0.003381245583247957,0.0008453113958119893,0.0008453113958119893,0.0008453113958119893,0.0008453113958119893,0.0008453113958119893,5914980,2.1,0.39399999,0.666,0.25,0.382,533.0
Estonia,0.4107535273459161,0.003803273401351075,0.608523744216172,0.003803273401351075,0.003803273401351075,0.003803273401351075,0.003803273401351075,0.003803273401351075,1314657,2.0,0.131,0.866,0.75,0.881,626.0
Sweden,0.6406514785901078,0.043657707732764874,0.25788506428191343,0.0020305910573379013,0.004061182114675803,0.0020305910573379013,0.0020305910573379013,0.0010152955286689507,9849349,1.75,0.048,0.929,0.75,0.9641,624.0
Mongolia,0.020237800906586022,0.030356701359879033,0.33392371495866935,0.0016864834088821685,0.5126909563001792,0.03372966817764337,0.0016864834088821685,0.0016864834088821685,2964749,1.7,0.278,0.737,0.5,0.2371,241.0
Finland,0.7847487188977164,0.007299988082769455,0.1861496961106211,0.0009124985103461818,0.0009124985103461818,0.0009124985103461818,0.0009124985103461818,0.0009124985103461818,5479461,1.55,0.056000002,0.915,0.75,0.8747,536.0
Norway,0.7976331488630067,0.03467970212447855,0.09440585578330273,0.0038533002360531723,0.005779950354079758,0.0009633250590132931,0.0019266501180265861,0.0009633250590132931,5190356,1.5,0.052999999,0.948,0.75,0.9651,1414.0
Iceland,0.9061801486135443,0.015103002476892407,0.030206004953784813,0.015103002476892407,0.015103002476892407,0.015103002476892407,0.015103002476892407,0.015103002476892407,331060,-0.7,0.050999999,0.927,0.75,0.9826,1940.0
Canada,0.6568318940776152,0.019870074341504337,0.22528746260438015,0.013153429493671886,0.007836085655804527,0.010914547877727734,0.008395806059790565,0.009795107069755659,35732126,-5.1,0.097999997,0.92,0.75,0.927,537.0
Russia,0.7240697205800778,0.09877762584333472,0.16022850714125253,0.00020737080303009388,0.001175101217170532,0.00214283163131097,3.4561800505015644e-05,0.0015898428232307197,144668389,-5.35,0.271,0.813,0.25,0.7601,460.0
